"MOLECULE","Prediction"
"ACT9_M_1791",-5.31218
"ACT9_M_2125",-3.74664
"ACT9_M_3031",-4.31407
"ACT9_M_3480",-6.37985
"ACT9_M_3640",-7.63545
"ACT9_M_4823",-5.45648
"ACT9_M_5565",-6.45466
"ACT9_M_6237",-7.22022
"ACT9_M_6278",-7.20235
"ACT9_M_6356",-3.9191
"ACT9_M_6400",-7.15659
"ACT9_M_6448",-3.54005
"ACT9_M_6465",-5.05676
"ACT9_M_6850",-8.00708
"ACT9_M_14667",-3.97144
"ACT9_M_14920",-3.5428
"ACT9_M_14944",-2.5311
"ACT9_M_17631",-4.07149
"ACT9_M_18391",-2.6293
"ACT9_M_19371",-6.25787
"ACT9_M_19378",-6.46528
"ACT9_M_22804",-5.23465
"ACT9_M_24352",-4.15822
"ACT9_M_27595",-4.03446
"ACT9_M_29583",-6.36172
"ACT9_M_29719",-5.07232
"ACT9_M_34493",-1.08727
"ACT9_M_34604",-4.65671
"ACT9_M_36222",-5.85865
"ACT9_M_36269",-4.69118
"ACT9_M_36291",-4.17247
"ACT9_M_36308",-6.31057
"ACT9_M_36741",-6.99394
"ACT9_M_37049",-2.71605
"ACT9_M_37076",-2.60554
"ACT9_M_37212",-5.48491
"ACT9_M_38407",-7.33665
"ACT9_M_39611",-6.6349
"ACT9_M_39787",-7.63122
"ACT9_M_41900",-6.02866
"ACT9_M_41958",-6.81616
"ACT9_M_41962",-4.69011
"ACT9_M_42203",-5.17225
"ACT9_M_43557",-4.81201
"ACT9_M_43800",-6.03945
"ACT9_M_43870",-3.93783
"ACT9_M_44027",-1.86959
"ACT9_M_44225",-4.90252
"ACT9_M_44477",-5.63468
"ACT9_M_44809",-7.81586
"ACT9_M_44867",-5.77544
"ACT9_M_45110",-5.83754
"ACT9_M_45233",-8.13774
"ACT9_M_45249",-4.53376
"ACT9_M_45267",-2.5587
"ACT9_M_45269",-3.53032
"ACT9_M_45273",-3.59929
"ACT9_M_45276",-6.00747
"ACT9_M_45391",-0.485265
"ACT9_M_45488",-4.15383
"ACT9_M_45529",-4.25997
"ACT9_M_45721",-2.99273
"ACT9_M_45821",-5.35626
"ACT9_M_45834",-3.83615
"ACT9_M_46009",-3.06165
"ACT9_M_46175",-4.49453
"ACT9_M_46268",-5.48161
"ACT9_M_46355",-4.94758
"ACT9_M_46510",-8.89898
"ACT9_M_46749",-8.1743
"ACT9_M_47044",-5.34145
"ACT9_M_47064",-10.0642
"ACT9_M_47157",-5.16457
"ACT9_M_47277",-4.19472
"ACT9_M_47478",-2.87846
"ACT9_M_47642",-7.40504
"ACT9_M_47657",-4.64277
"ACT9_M_48398",-6.26202
"ACT9_M_48413",-3.68533
"ACT9_M_48478",-1.9211
"ACT9_M_48495",-6.14954
"ACT9_M_48502",-5.85789
"ACT9_M_48504",-5.7945
"ACT9_M_48567",-2.83326
"ACT9_M_48583",-4.07222
"ACT9_M_48786",-7.86159
"ACT9_M_49826",-4.29515
"ACT9_M_50967",-2.51221
"ACT9_M_51237",-7.0611
"ACT9_M_51542",1.24951
"ACT9_M_51560",-5.89198
"ACT9_M_51604",-1.22111
"ACT9_M_51679",5.62223
"ACT9_M_52195",-5.95524
"ACT9_M_52912",-3.50831
"ACT9_M_53193",-5.81029
"ACT9_M_53419",-0.725159
"ACT9_M_53453",-0.611916
"ACT9_M_54416",-6.41751
"ACT9_M_54667",-6.58446
"ACT9_M_54696",-5.15597
"ACT9_M_54784",-6.33588
"ACT9_M_54816",-5.22909
"ACT9_M_54841",-2.45526
"ACT9_M_54843",-8.5807
"ACT9_M_54852",-4.97679
"ACT9_M_54959",-6.2891
"ACT9_M_54968",-4.74268
"ACT9_M_54992",-7.01108
"ACT9_M_54995",-6.47163
"ACT9_M_54999",-6.62922
"ACT9_M_55006",-5.99197
"ACT9_M_55030",-4.45822
"ACT9_M_55141",-5.01369
"ACT9_M_55488",0.0590613
"ACT9_M_55568",-4.60053
"ACT9_M_57145",2.07435
"ACT9_M_57153",-4.24634
"ACT9_M_57293",-8.60285
"ACT9_M_57391",-6.07555
"ACT9_M_57454",-7.03139
"ACT9_M_57525",1.09515
"ACT9_M_57532",-6.81302
"ACT9_M_57538",-5.5163
"ACT9_M_57587",-3.43751
"ACT9_M_57591",-5.7526
"ACT9_M_57616",-0.978139
"ACT9_M_57643",-4.56104
"ACT9_M_57652",-4.02394
"ACT9_M_57674",-6.37558
"ACT9_M_57728",-6.50305
"ACT9_M_57806",-5.43847
"ACT9_M_57953",-3.778
"ACT9_M_58003",-6.57328
"ACT9_M_58126",-5.63771
"ACT9_M_58351",-3.49195
"ACT9_M_58588",-4.09029
"ACT9_M_58861",-7.02212
"ACT9_M_120701",-6.46526
"ACT9_M_120717",-4.25528
"ACT9_M_120718",-4.9705
"ACT9_M_159770",-1.25212
"ACT9_M_159771",-2.94269
"ACT9_M_159772",-3.72714
"ACT9_M_159773",1.70191
"ACT9_M_159774",5.05169
"ACT9_M_159775",0.465891
"ACT9_M_159776",-1.51435
"ACT9_M_159777",-0.491294
"ACT9_M_159778",1.33535
"ACT9_M_159779",1.52643
"ACT9_M_159780",-2.4088
"ACT9_M_159781",0.147677
"ACT9_M_159782",1.24728
"ACT9_M_159783",3.19685
"ACT9_M_159784",3.54385
"ACT9_M_159785",-0.304224
"ACT9_M_159786",-1.61971
"ACT9_M_159787",-0.870533
"ACT9_M_159788",0.440559
"ACT9_M_159789",-1.35173
"ACT9_M_159790",-4.29508
"ACT9_M_159801",1.16735
"ACT9_M_159802",0.291415
"ACT9_M_159803",-0.624302
"ACT9_M_159824",-4.2754
"ACT9_M_159835",-4.29056
"ACT9_M_159836",0.639883
"ACT9_M_159837",0.498428
"ACT9_M_159838",-0.00649954
"ACT9_M_159839",0.202589
"ACT9_M_159840",-0.664108
"ACT9_M_159841",1.73923
"ACT9_M_159842",1.71312
"ACT9_M_159843",-2.27719
"ACT9_M_159844",-3.80901
"ACT9_M_159845",2.13206
"ACT9_M_159846",-2.1676
"ACT9_M_159847",-0.394244
"ACT9_M_159848",-3.22204
"ACT9_M_159849",-4.87924
"ACT9_M_159850",0.639883
"ACT9_M_159851",0.202589
"ACT9_M_159852",-0.664108
"ACT9_M_159853",1.73923
"ACT9_M_159854",-3.80901
"ACT9_M_159855",-0.394244
"ACT9_M_159860",4.2731
"ACT9_M_159862",2.32895
"ACT9_M_159863",3.41801
"ACT9_M_159876",0.173668
"ACT9_M_159877",-0.563879
"ACT9_M_159878",-2.33537
"ACT9_M_159879",-1.70951
"ACT9_M_159880",-0.138629
"ACT9_M_159881",-5.44694
"ACT9_M_159882",-6.94139
"ACT9_M_159883",0.171344
"ACT9_M_159884",-6.00022
"ACT9_M_159885",-3.06902
"ACT9_M_159886",-2.85917
"ACT9_M_159887",-4.62768
"ACT9_M_159888",-3.11355
"ACT9_M_159889",-2.42276
"ACT9_M_159890",-3.479
"ACT9_M_159891",-3.99826
"ACT9_M_159892",-2.48195
"ACT9_M_159893",-0.78315
"ACT9_M_159894",-3.7495
"ACT9_M_159895",-3.54563
"ACT9_M_159896",-2.95897
"ACT9_M_159897",-2.84858
"ACT9_M_159898",-0.063565
"ACT9_M_159899",-0.892462
"ACT9_M_159900",-3.36231
"ACT9_M_159918",-0.436684
"ACT9_M_159919",-0.249251
"ACT9_M_159920",-4.12719
"ACT9_M_159923",-0.56194
"ACT9_M_159926",-2.0884
"ACT9_M_159927",-5.54834
"ACT9_M_159932",-5.66116
"ACT9_M_159985",1.61952
"ACT9_M_159986",-1.10724
"ACT9_M_159987",-0.214358
"ACT9_M_159988",1.29491
"ACT9_M_159989",-1.4354
"ACT9_M_159990",-3.99084
"ACT9_M_160038",2.18755
"ACT9_M_160040",3.10028
"ACT9_M_160041",6.91377
"ACT9_M_160042",4.34732
"ACT9_M_160043",4.94434
"ACT9_M_160044",5.3495
"ACT9_M_160045",6.16498
"ACT9_M_160046",6.32342
"ACT9_M_160047",5.12393
"ACT9_M_160048",7.93032
"ACT9_M_160049",4.61661
"ACT9_M_160050",6.42026
"ACT9_M_160051",6.85398
"ACT9_M_160052",3.91999
"ACT9_M_160053",6.5034
"ACT9_M_160054",8.60401
"ACT9_M_160055",4.93405
"ACT9_M_160056",6.19679
"ACT9_M_160057",7.11943
"ACT9_M_160058",2.3971
"ACT9_M_160065",3.1986
"ACT9_M_160105",-2.19056
"ACT9_M_160106",-2.96389
"ACT9_M_160116",-2.45615
"ACT9_M_160117",-3.59604
"ACT9_M_160118",-0.976971
"ACT9_M_160119",-4.8432
"ACT9_M_160120",-2.86638
"ACT9_M_160121",-4.63197
"ACT9_M_160122",-2.49011
"ACT9_M_160156",7.55431
"ACT9_M_160157",4.22279
"ACT9_M_160158",-2.77893
"ACT9_M_160159",-2.76282
"ACT9_M_160164",3.37684
"ACT9_M_160178",2.30795
"ACT9_M_160182",-2.64098
"ACT9_M_160183",-4.00267
"ACT9_M_160190",-2.64378
"ACT9_M_160274",1.56931
"ACT9_M_160275",0.40881
"ACT9_M_160276",0.0762433
"ACT9_M_160277",-0.732012
"ACT9_M_160278",1.42105
"ACT9_M_160302",2.95272
"ACT9_M_160303",2.63905
"ACT9_M_160308",-5.65453
"ACT9_M_160309",-3.71911
"ACT9_M_160384",-1.19994
"ACT9_M_160385",0.0166904
"ACT9_M_160386",-1.42131
"ACT9_M_160387",-2.92168
"ACT9_M_160388",-2.92168
"ACT9_M_160389",-0.195314
"ACT9_M_160390",0.384709
"ACT9_M_160391",2.29101
"ACT9_M_160392",-2.27342
"ACT9_M_160393",2.31873
"ACT9_M_160394",0.854327
"ACT9_M_160395",0.822725
"ACT9_M_160396",0.925297
"ACT9_M_160397",-3.96993
"ACT9_M_160398",-0.289068
"ACT9_M_160405",-0.152084
"ACT9_M_160406",-2.78164
"ACT9_M_160407",-1.86257
"ACT9_M_160408",-0.485702
"ACT9_M_160409",-3.46014
"ACT9_M_160410",-1.21786
"ACT9_M_160412",4.6272
"ACT9_M_160413",2.89331
"ACT9_M_160414",3.10911
"ACT9_M_160415",1.49395
"ACT9_M_160422",2.45201
"ACT9_M_160423",-1.11052
"ACT9_M_160424",-0.625944
"ACT9_M_160425",-1.70081
"ACT9_M_160426",-2.3528
"ACT9_M_160427",-1.69449
"ACT9_M_160428",-0.370102
"ACT9_M_160429",-1.29623
"ACT9_M_160430",-1.30074
"ACT9_M_160431",0.67409
"ACT9_M_160432",-1.06693
"ACT9_M_160433",2.04955
"ACT9_M_160436",-1.01367
"ACT9_M_160475",-1.15826
"ACT9_M_160477",-4.38213
"ACT9_M_160478",-5.0789
"ACT9_M_160480",-5.39088
"ACT9_M_160482",-1.7415
"ACT9_M_160485",-1.26958
"ACT9_M_160486",-0.878761
"ACT9_M_160488",-2.71948
"ACT9_M_160489",-0.0511409
"ACT9_M_160490",-0.0511409
"ACT9_M_160507",6.48416
"ACT9_M_160508",-5.49088
"ACT9_M_160566",7.22833
"ACT9_M_160567",2.67745
"ACT9_M_160581",-4.5198
"ACT9_M_160582",0.69423
"ACT9_M_160583",2.38496
"ACT9_M_160584",2.8282
"ACT9_M_160586",1.47419
"ACT9_M_160587",0.727368
"ACT9_M_160588",0.727368
"ACT9_M_160589",2.89978
"ACT9_M_160590",-0.931435
"ACT9_M_160596",9.89034
"ACT9_M_160597",-2.09405
"ACT9_M_160606",-6.99507
"ACT9_M_160623",-6.40193
"ACT9_M_160624",-5.65049
"ACT9_M_160637",-3.73323
"ACT9_M_160642",0.982721
"ACT9_M_160643",0.982721
"ACT9_M_160644",1.07296
"ACT9_M_160645",1.07296
"ACT9_M_160646",0.972955
"ACT9_M_160647",0.0218085
"ACT9_M_160648",0.371723
"ACT9_M_160649",0.371723
"ACT9_M_160650",0.2903
"ACT9_M_160651",0.354418
"ACT9_M_160652",2.55352
"ACT9_M_160653",2.42167
"ACT9_M_160654",-2.29407
"ACT9_M_160655",2.23605
"ACT9_M_160656",-0.989203
"ACT9_M_160657",-3.801
"ACT9_M_160658",-5.15045
"ACT9_M_160659",-3.17799
"ACT9_M_160660",-1.66617
"ACT9_M_160661",0.4363
"ACT9_M_160662",-3.66207
"ACT9_M_160681",8.33942
"ACT9_M_160682",9.90456
"ACT9_M_160683",10.0053
"ACT9_M_160684",8.41017
"ACT9_M_160685",5.79457
"ACT9_M_160686",5.9379
"ACT9_M_160687",6.1761
"ACT9_M_160688",-6.10098
"ACT9_M_160690",-2.65021
"ACT9_M_160691",-5.27099
"ACT9_M_160692",1.40913
"ACT9_M_160693",2.38638
"ACT9_M_160694",-0.653643
"ACT9_M_160695",2.98399
"ACT9_M_160696",1.14778
"ACT9_M_160704",-3.708
"ACT9_M_160705",5.4884
"ACT9_M_160707",-0.0514561
"ACT9_M_160708",-0.628922
"ACT9_M_160731",-4.96011
"ACT9_M_160732",-5.65256
"ACT9_M_160733",-2.37148
"ACT9_M_160734",-1.8083
"ACT9_M_160735",-4.75727
"ACT9_M_160736",-1.41008
"ACT9_M_160737",-0.432399
"ACT9_M_160738",-2.46037
"ACT9_M_160739",-0.163312
"ACT9_M_160740",1.80824
"ACT9_M_160741",1.80824
"ACT9_M_160742",1.80824
"ACT9_M_160778",3.53102
"ACT9_M_160779",3.5528
"ACT9_M_160780",5.19768
"ACT9_M_160795",0.288728
"ACT9_M_160798",-2.41476
"ACT9_M_160806",2.85439
"ACT9_M_160817",-2.61563
"ACT9_M_160851",-1.31092
"ACT9_M_160867",-1.52752
"ACT9_M_160871",-1.37787
"ACT9_M_160873",-8.10645
"ACT9_M_160875",-1.94821
"ACT9_M_160876",-2.58516
"ACT9_M_160882",-3.10901
"ACT9_M_160883",-2.10309
"ACT9_M_160884",-4.27989
"ACT9_M_160886",-2.46581
"ACT9_M_160887",-2.07788
"ACT9_M_160888",-2.10596
"ACT9_M_160903",0.534668
"ACT9_M_160904",-5.21913
"ACT9_M_160905",1.2326
"ACT9_M_160906",-3.88241
"ACT9_M_160907",-4.60162
"ACT9_M_160916",3.13747
"ACT9_M_160923",-2.52016
"ACT9_M_160925",0.423701
"ACT9_M_160927",8.7226
"ACT9_M_160929",4.54261
"ACT9_M_160970",-3.29494
"ACT9_M_160971",1.61104
"ACT9_M_160972",0.807372
"ACT9_M_160973",1.6596
"ACT9_M_160974",0.713889
"ACT9_M_160975",1.11284
"ACT9_M_160976",0.849945
"ACT9_M_160977",0.793587
"ACT9_M_160978",-0.289378
"ACT9_M_160979",3.32748
"ACT9_M_160980",3.30358
"ACT9_M_160981",-1.5448
"ACT9_M_160982",3.01758
"ACT9_M_160983",-0.0970065
"ACT9_M_160984",-3.1149
"ACT9_M_160985",0.270679
"ACT9_M_160986",-0.95522
"ACT9_M_160987",-1.06428
"ACT9_M_160988",-1.85312
"ACT9_M_160989",-1.19655
"ACT9_M_160990",-2.75725
"ACT9_M_160991",-2.35639
"ACT9_M_160992",1.02395
"ACT9_M_160993",-0.0599614
"ACT9_M_160994",-2.52349
"ACT9_M_160995",-2.57788
"ACT9_M_160996",-0.919633
"ACT9_M_160997",0.733143
"ACT9_M_160998",-4.62603
"ACT9_M_161006",-7.63429
"ACT9_M_161007",3.23823
"ACT9_M_161017",0.732245
"ACT9_M_161019",2.31338
"ACT9_M_161020",4.63055
"ACT9_M_161022",3.32161
"ACT9_M_161023",0.345459
"ACT9_M_161026",2.66784
"ACT9_M_161027",1.10899
"ACT9_M_161030",-1.92733
"ACT9_M_161031",3.88173
"ACT9_M_161032",4.25726
"ACT9_M_161033",3.14011
"ACT9_M_161034",3.79786
"ACT9_M_161035",2.95423
"ACT9_M_161036",2.24336
"ACT9_M_161037",1.7753
"ACT9_M_161038",1.77879
"ACT9_M_161039",0.951214
"ACT9_M_161040",5.39343
"ACT9_M_161041",5.22529
"ACT9_M_161042",2.65823
"ACT9_M_161043",-0.417391
"ACT9_M_161044",4.76458
"ACT9_M_161045",0.837379
"ACT9_M_161046",-1.55835
"ACT9_M_161047",-2.9108
"ACT9_M_161048",-4.596
"ACT9_M_161049",-3.93027
"ACT9_M_161050",-2.17416
"ACT9_M_161051",1.84679
"ACT9_M_161052",2.15526
"ACT9_M_161053",-1.59764
"ACT9_M_161054",0.865599
"ACT9_M_161055",-1.21676
"ACT9_M_161056",-0.916267
"ACT9_M_161057",-2.78204
"ACT9_M_161058",4.60741
"ACT9_M_161059",4.25726
"ACT9_M_161060",-1.93277
"ACT9_M_161061",-0.211473
"ACT9_M_161062",-0.140502
"ACT9_M_161063",-0.65076
"ACT9_M_161064",-2.89878
"ACT9_M_161065",1.78345
"ACT9_M_161066",2.42559
"ACT9_M_161067",-1.54104
"ACT9_M_161068",-3.5404
"ACT9_M_161069",-1.16159
"ACT9_M_161070",3.54042
"ACT9_M_161071",0.316765
"ACT9_M_161072",2.67544
"ACT9_M_161073",-0.420281
"ACT9_M_161074",-5.02788
"ACT9_M_161075",-2.23946
"ACT9_M_161076",-1.08454
"ACT9_M_161077",1.1256
"ACT9_M_161078",0.169945
"ACT9_M_161079",-2.92117
"ACT9_M_161080",-4.66124
"ACT9_M_161081",2.10878
"ACT9_M_161082",6.65
"ACT9_M_161083",-1.25556
"ACT9_M_161084",-0.900335
"ACT9_M_161085",-1.20243
"ACT9_M_161086",-2.675
"ACT9_M_161087",-3.30132
"ACT9_M_161088",2.61866
"ACT9_M_161089",-1.99949
"ACT9_M_161090",-1.41163
"ACT9_M_161091",0.713076
"ACT9_M_161092",1.81952
"ACT9_M_161093",0.908517
"ACT9_M_161094",-2.23591
"ACT9_M_161095",-6.88938
"ACT9_M_161096",-4.23139
"ACT9_M_161097",-0.898239
"ACT9_M_161098",-0.898239
"ACT9_M_161099",0.212841
"ACT9_M_161100",-2.39928
"ACT9_M_161101",-0.639799
"ACT9_M_161102",-2.12325
"ACT9_M_161103",-2.1469
"ACT9_M_161104",0.323496
"ACT9_M_161105",-0.219635
"ACT9_M_161106",1.69422
"ACT9_M_161107",1.98773
"ACT9_M_161108",-4.04236
"ACT9_M_161109",-3.4494
"ACT9_M_161110",-4.90368
"ACT9_M_161111",-5.54519
"ACT9_M_161112",1.08693
"ACT9_M_161113",-1.86798
"ACT9_M_161114",-3.08726
"ACT9_M_161115",-3.32656
"ACT9_M_161116",-5.61466
"ACT9_M_161141",-3.88924
"ACT9_M_161142",1.15116
"ACT9_M_161143",3.22042
"ACT9_M_161144",0.514227
"ACT9_M_161145",-0.154022
"ACT9_M_161146",2.78649
"ACT9_M_161154",1.40845
"ACT9_M_161155",3.70509
"ACT9_M_161156",4.77788
"ACT9_M_161157",1.80461
"ACT9_M_161158",3.49216
"ACT9_M_161159",3.78383
"ACT9_M_161160",9.17921
"ACT9_M_161185",4.1928
"ACT9_M_161186",9.99759
"ACT9_M_161187",9.46489
"ACT9_M_161188",8.63306
"ACT9_M_161189",5.72065
"ACT9_M_161190",6.62519
"ACT9_M_161191",2.96595
"ACT9_M_161192",1.59428
"ACT9_M_161193",3.85481
"ACT9_M_161194",2.78809
"ACT9_M_161195",6.14525
"ACT9_M_161196",10.7321
"ACT9_M_161197",9.51652
"ACT9_M_161198",9.9324
"ACT9_M_161199",8.54886
"ACT9_M_161200",-3.41954
"ACT9_M_161201",-4.86927
"ACT9_M_161203",0.177611
"ACT9_M_161204",0.177611
"ACT9_M_161205",-5.30496
"ACT9_M_161209",0.533761
"ACT9_M_161211",3.97387
"ACT9_M_161212",3.52477
"ACT9_M_161213",2.39973
"ACT9_M_161218",4.39338
"ACT9_M_161228",-2.12512
"ACT9_M_161230",1.87148
"ACT9_M_161231",1.19738
"ACT9_M_161232",-0.475459
"ACT9_M_161234",1.12001
"ACT9_M_161241",-1.10735
"ACT9_M_161243",-2.10917
"ACT9_M_161244",-2.10917
"ACT9_M_161263",-2.03648
"ACT9_M_161264",-2.6756
"ACT9_M_161265",-2.87557
"ACT9_M_161266",-3.6264
"ACT9_M_161267",-2.09755
"ACT9_M_161268",-2.282
"ACT9_M_161269",2.06846
"ACT9_M_161270",-2.09405
"ACT9_M_161271",-2.09405
"ACT9_M_161272",4.71338
"ACT9_M_161273",4.70544
"ACT9_M_161274",3.18093
"ACT9_M_161275",1.58073
"ACT9_M_161276",2.38493
"ACT9_M_161278",2.38083
"ACT9_M_161279",6.2464
"ACT9_M_161280",2.76034
"ACT9_M_161317",-5.56395
"ACT9_M_161318",-3.09213
"ACT9_M_161319",-0.379682
"ACT9_M_161321",-7.38054
"ACT9_M_161324",-2.66418
"ACT9_M_161339",-1.33414
"ACT9_M_161345",-5.59438
"ACT9_M_161346",-5.33851
"ACT9_M_161350",2.04568
"ACT9_M_161351",2.04568
"ACT9_M_161369",-2.74117
"ACT9_M_161370",-2.74117
"ACT9_M_161371",1.53607
"ACT9_M_161375",7.89216
"ACT9_M_161376",7.50586
"ACT9_M_161377",6.34971
"ACT9_M_161378",-2.34636
"ACT9_M_161379",8.24882
"ACT9_M_161409",1.0523
"ACT9_M_161410",-0.422886
"ACT9_M_161411",0.547162
"ACT9_M_161499",-0.240746
"ACT9_M_161500",-2.46259
"ACT9_M_161501",-0.836994
"ACT9_M_161502",-1.19545
"ACT9_M_161503",0.202433
"ACT9_M_161504",0.486607
"ACT9_M_161505",1.4773
"ACT9_M_161506",0.0577323
"ACT9_M_161507",-0.227065
"ACT9_M_161508",0.00383137
"ACT9_M_161509",2.73421
"ACT9_M_161510",-3.79926
"ACT9_M_161511",0.117874
"ACT9_M_161512",-2.5416
"ACT9_M_161513",-2.33992
"ACT9_M_161514",1.87802
"ACT9_M_161515",-1.1136
"ACT9_M_161516",0.703208
"ACT9_M_161517",1.47137
"ACT9_M_161518",0.900285
"ACT9_M_161519",0.0415775
"ACT9_M_161520",-1.165
"ACT9_M_161521",0.789557
"ACT9_M_161522",0.174149
"ACT9_M_161523",1.56598
"ACT9_M_161524",1.23582
"ACT9_M_161525",0.928394
"ACT9_M_161526",1.98797
"ACT9_M_161527",1.02094
"ACT9_M_161532",3.50557
"ACT9_M_161533",2.47449
"ACT9_M_161537",-0.713408
"ACT9_M_161538",-7.22082
"ACT9_M_161539",3.25473
"ACT9_M_161540",-1.76249
"ACT9_M_161541",3.21522
"ACT9_M_161542",3.39485
"ACT9_M_161543",3.76268
"ACT9_M_161544",2.9154
"ACT9_M_161545",2.55816
"ACT9_M_161546",0.611142
"ACT9_M_161547",5.29162
"ACT9_M_161548",5.41112
"ACT9_M_161549",-1.0997
"ACT9_M_161550",0.0278863
"ACT9_M_161551",-2.61514
"ACT9_M_161552",-2.4019
"ACT9_M_161553",-2.64131
"ACT9_M_161554",2.25197
"ACT9_M_161555",2.72291
"ACT9_M_161556",3.49801
"ACT9_M_161557",1.31092
"ACT9_M_161558",2.60899
"ACT9_M_161559",-0.337542
"ACT9_M_161560",0.0710319
"ACT9_M_161561",-0.109403
"ACT9_M_161562",2.57802
"ACT9_M_161563",0.365925
"ACT9_M_161564",-1.76174
"ACT9_M_161565",2.89452
"ACT9_M_161566",-0.275079
"ACT9_M_161567",2.83352
"ACT9_M_161568",2.76654
"ACT9_M_161569",1.73806
"ACT9_M_161570",1.72475
"ACT9_M_161571",1.62739
"ACT9_M_161572",-2.4332
"ACT9_M_161573",0.834493
"ACT9_M_161574",-1.4029
"ACT9_M_161575",-0.583776
"ACT9_M_161576",0.803023
"ACT9_M_161584",1.08638
"ACT9_M_161585",-1.0505
"ACT9_M_161589",-0.365017
"ACT9_M_161623",-2.22258
"ACT9_M_161624",-1.24518
"ACT9_M_161625",0.491983
"ACT9_M_161626",0.874741
"ACT9_M_161627",-1.27123
"ACT9_M_161628",-0.860255
"ACT9_M_161629",-2.50942
"ACT9_M_161630",-1.31903
"ACT9_M_161631",-0.771543
"ACT9_M_161632",-1.9189
"ACT9_M_161633",0.202634
"ACT9_M_161634",-3.63141
"ACT9_M_161635",0.970485
"ACT9_M_161636",-0.671251
"ACT9_M_161637",-1.33077
"ACT9_M_161638",2.45306
"ACT9_M_161639",-0.120086
"ACT9_M_161640",-0.758478
"ACT9_M_161641",-0.119395
"ACT9_M_161642",-0.148959
"ACT9_M_161643",-1.58878
"ACT9_M_161644",3.03448
"ACT9_M_161645",0.930759
"ACT9_M_161646",0.587312
"ACT9_M_161647",-0.630235
"ACT9_M_161648",0.866639
"ACT9_M_161649",0.0708494
"ACT9_M_161650",-1.98252
"ACT9_M_161651",-0.945605
"ACT9_M_161652",2.20135
"ACT9_M_161653",0.886865
"ACT9_M_161654",-2.09689
"ACT9_M_161656",1.57403
"ACT9_M_161657",2.52604
"ACT9_M_161658",1.34977
"ACT9_M_161659",1.67813
"ACT9_M_161660",2.14382
"ACT9_M_161661",-2.82685
"ACT9_M_161662",1.94435
"ACT9_M_161663",4.59427
"ACT9_M_161664",1.38217
"ACT9_M_161665",4.18414
"ACT9_M_161666",1.96848
"ACT9_M_161667",3.20273
"ACT9_M_161668",4.05704
"ACT9_M_161669",3.42823
"ACT9_M_161670",2.06678
"ACT9_M_161671",-0.49549
"ACT9_M_161672",2.43292
"ACT9_M_161673",2.61454
"ACT9_M_161674",7.01758
"ACT9_M_161675",2.50253
"ACT9_M_161676",2.98082
"ACT9_M_161677",2.41686
"ACT9_M_161678",2.78954
"ACT9_M_161679",-0.553646
"ACT9_M_161680",4.25056
"ACT9_M_161681",1.58031
"ACT9_M_161682",0.393275
"ACT9_M_161683",1.72902
"ACT9_M_161684",2.12831
"ACT9_M_161685",2.29514
"ACT9_M_161686",3.26879
"ACT9_M_161687",1.9992
"ACT9_M_161688",2.05382
"ACT9_M_161689",-1.59553
"ACT9_M_161690",0.156682
"ACT9_M_161691",2.30278
"ACT9_M_161692",-0.190315
"ACT9_M_161693",1.51417
"ACT9_M_161694",0.971193
"ACT9_M_161695",3.95532
"ACT9_M_161696",2.70974
"ACT9_M_161705",-0.63932
"ACT9_M_161707",0.873892
"ACT9_M_161708",1.97889
"ACT9_M_161709",3.01623
"ACT9_M_161710",5.07317
"ACT9_M_161711",2.10977
"ACT9_M_161712",0.45525
"ACT9_M_161713",5.39965
"ACT9_M_161714",5.742
"ACT9_M_161719",-0.0356864
"ACT9_M_161720",4.15626
"ACT9_M_161721",4.7898
"ACT9_M_161722",3.97337
"ACT9_M_161723",2.34318
"ACT9_M_161724",3.09604
"ACT9_M_161725",4.04477
"ACT9_M_161726",1.95025
"ACT9_M_161727",3.15819
"ACT9_M_161728",3.911
"ACT9_M_161729",5.5996
"ACT9_M_161759",5.014
"ACT9_M_161760",3.4007
"ACT9_M_161762",0.270099
"ACT9_M_161765",0.427891
"ACT9_M_161767",0.312472
"ACT9_M_161769",3.60676
"ACT9_M_161770",7.88242
"ACT9_M_161771",-3.16808
"ACT9_M_161772",9.6509
"ACT9_M_161773",6.30467
"ACT9_M_161774",-1.40698
"ACT9_M_161775",-1.47991
"ACT9_M_161776",-0.859286
"ACT9_M_161777",-4.42783
"ACT9_M_161778",0.515983
"ACT9_M_161779",0.0796066
"ACT9_M_161783",-3.46341
"ACT9_M_161784",0.656041
"ACT9_M_161786",0.535152
"ACT9_M_161787",-3.65707
"ACT9_M_161788",-2.73935
"ACT9_M_161789",2.38177
"ACT9_M_161791",2.08887
"ACT9_M_161793",-4.41874
"ACT9_M_161795",-1.24079
"ACT9_M_161796",-1.64843
"ACT9_M_161797",-2.04907
"ACT9_M_161798",-4.17788
"ACT9_M_161799",-2.53999
"ACT9_M_161816",-2.47408
"ACT9_M_161817",-1.43289
"ACT9_M_161818",-0.579493
"ACT9_M_161819",-1.49515
"ACT9_M_161820",-1.72251
"ACT9_M_161821",-4.41828
"ACT9_M_161822",-2.85319
"ACT9_M_161833",-4.85255
"ACT9_M_161834",0.232731
"ACT9_M_161852",2.47949
"ACT9_M_161853",3.20051
"ACT9_M_161854",4.95
"ACT9_M_161855",2.66978
"ACT9_M_161856",1.14974
"ACT9_M_161857",4.4915
"ACT9_M_161858",1.22168
"ACT9_M_161859",2.66439
"ACT9_M_161860",6.23771
"ACT9_M_161861",0.376868
"ACT9_M_161862",3.18309
"ACT9_M_161863",3.2577
"ACT9_M_161864",3.36506
"ACT9_M_161870",1.06898
"ACT9_M_161871",-5.57459
"ACT9_M_161872",2.56335
"ACT9_M_161873",0.0410701
"ACT9_M_161874",1.11839
"ACT9_M_161875",-5.74601
"ACT9_M_161876",4.38115
"ACT9_M_161877",-3.04441
"ACT9_M_161878",0.707947
"ACT9_M_161879",0.351413
"ACT9_M_161880",-1.29943
"ACT9_M_161881",-2.77098
"ACT9_M_161882",-6.40467
"ACT9_M_161883",-6.2835
"ACT9_M_161884",6.15104
"ACT9_M_161885",0.178922
"ACT9_M_161886",0.197785
"ACT9_M_161887",-0.185011
"ACT9_M_161888",-2.98934
"ACT9_M_161889",-0.648869
"ACT9_M_161890",1.9851
"ACT9_M_161891",-2.24731
"ACT9_M_161892",1.3228
"ACT9_M_161893",-3.84267
"ACT9_M_161894",-2.73459
"ACT9_M_161895",1.38188
"ACT9_M_161896",-1.33182
"ACT9_M_161897",-4.26336
"ACT9_M_161898",-0.191479
"ACT9_M_161899",-3.37166
"ACT9_M_161900",-4.23866
"ACT9_M_161901",-5.14575
"ACT9_M_161902",-5.93773
"ACT9_M_161903",-2.31759
"ACT9_M_161904",-1.47467
"ACT9_M_161905",-1.64687
"ACT9_M_161906",-1.27325
"ACT9_M_161907",-2.72416
"ACT9_M_161908",-0.329934
"ACT9_M_161909",0.115716
"ACT9_M_161910",-1.85437
"ACT9_M_161911",3.61777
"ACT9_M_161912",-3.49023
"ACT9_M_161913",-2.76424
"ACT9_M_161914",1.16801
"ACT9_M_161915",0.632344
"ACT9_M_161916",1.00899
"ACT9_M_161917",-1.14425
"ACT9_M_161918",0.755315
"ACT9_M_161919",0.738702
"ACT9_M_161920",1.83053
"ACT9_M_161921",1.71698
"ACT9_M_161922",0.755315
"ACT9_M_161923",1.83053
"ACT9_M_161924",1.83053
"ACT9_M_161927",-1.00534
"ACT9_M_161928",-0.847636
"ACT9_M_161930",2.14315
"ACT9_M_161931",2.2234
"ACT9_M_161932",1.78728
"ACT9_M_161933",1.41223
"ACT9_M_161934",1.66462
"ACT9_M_161935",0.0481718
"ACT9_M_161936",3.69296
"ACT9_M_161937",-0.831869
"ACT9_M_161938",3.69931
"ACT9_M_161939",-0.752698
"ACT9_M_161940",-0.00164826
"ACT9_M_161986",-4.95806
"ACT9_M_162009",1.86014
"ACT9_M_162014",0.674532
"ACT9_M_162015",0.674532
"ACT9_M_162016",-0.920619
"ACT9_M_162017",-0.198627
"ACT9_M_162018",-1.32495
"ACT9_M_162019",-0.816559
"ACT9_M_162020",-2.62175
"ACT9_M_162021",-2.53955
"ACT9_M_162022",-3.83902
"ACT9_M_162025",1.41524
"ACT9_M_162026",1.09104
"ACT9_M_162045",3.42124
"ACT9_M_162046",2.69047
"ACT9_M_162047",5.37874
"ACT9_M_162048",7.65545
"ACT9_M_162049",5.97614
"ACT9_M_162050",2.84821
"ACT9_M_162051",5.36957
"ACT9_M_162052",4.13809
"ACT9_M_162053",6.93458
"ACT9_M_162054",3.75952
"ACT9_M_162055",4.55167
"ACT9_M_162056",1.67546
"ACT9_M_162057",5.88634
"ACT9_M_162058",5.02716
"ACT9_M_162059",0.893296
"ACT9_M_162060",5.5891
"ACT9_M_162061",4.68933
"ACT9_M_162062",3.57535
"ACT9_M_162063",4.73047
"ACT9_M_162064",6.64876
"ACT9_M_162065",2.59392
"ACT9_M_162066",7.66219
"ACT9_M_162067",3.62436
"ACT9_M_162068",6.31655
"ACT9_M_162069",4.5105
"ACT9_M_162070",1.88064
"ACT9_M_162071",1.57376
"ACT9_M_162072",4.68269
"ACT9_M_162073",3.9728
"ACT9_M_162074",2.87717
"ACT9_M_162075",3.11003
"ACT9_M_162076",5.30498
"ACT9_M_162077",5.66729
"ACT9_M_162078",4.85035
"ACT9_M_162079",4.19597
"ACT9_M_162080",3.674
"ACT9_M_162081",4.46734
"ACT9_M_162082",7.26981
"ACT9_M_162083",4.43386
"ACT9_M_162084",2.27545
"ACT9_M_162085",-0.395913
"ACT9_M_162086",1.5526
"ACT9_M_162087",2.00543
"ACT9_M_162088",2.94484
"ACT9_M_162089",2.88758
"ACT9_M_162090",9.37246
"ACT9_M_162091",-0.171428
"ACT9_M_162092",3.10465
"ACT9_M_162093",0.387514
"ACT9_M_162094",0.764293
"ACT9_M_162095",-0.748015
"ACT9_M_162096",1.81481
"ACT9_M_162097",1.69048
"ACT9_M_162098",7.12535
"ACT9_M_162099",-2.0368
"ACT9_M_162100",2.66038
"ACT9_M_162102",-2.5905
"ACT9_M_162109",-1.26868
"ACT9_M_162110",-1.58412
"ACT9_M_162111",-1.10949
"ACT9_M_162112",-0.859483
"ACT9_M_162113",0.109171
"ACT9_M_162114",-0.0362175
"ACT9_M_162115",-2.38166
"ACT9_M_162116",-5.93321
"ACT9_M_162176",-1.89283
"ACT9_M_162177",-5.14639
"ACT9_M_162178",-0.835919
"ACT9_M_162179",-2.18097
"ACT9_M_162180",-2.33005
"ACT9_M_162181",-0.657167
"ACT9_M_162182",-4.69977
"ACT9_M_162183",-0.70403
"ACT9_M_162184",0.982362
"ACT9_M_162185",1.2967
"ACT9_M_162186",-1.22371
"ACT9_M_162187",-1.68521
"ACT9_M_162188",-2.0137
"ACT9_M_162189",-6.78092
"ACT9_M_162190",-1.03936
"ACT9_M_162191",-0.796925
"ACT9_M_162192",1.08839
"ACT9_M_162193",-0.806946
"ACT9_M_162194",-0.748495
"ACT9_M_162195",-9.92377
"ACT9_M_162196",-1.50378
"ACT9_M_162197",-4.50402
"ACT9_M_162198",-0.959181
"ACT9_M_162199",1.56874
"ACT9_M_162200",-3.27343
"ACT9_M_162201",-2.2797
"ACT9_M_162202",-0.969322
"ACT9_M_162203",-1.0329
"ACT9_M_162204",-3.72621
"ACT9_M_162205",-2.2933
"ACT9_M_162206",-0.874737
"ACT9_M_162207",-3.35601
"ACT9_M_162208",0.401073
"ACT9_M_162209",-4.29072
"ACT9_M_162210",-0.234145
"ACT9_M_162259",-0.370932
"ACT9_M_162260",-2.34243
"ACT9_M_162271",2.31056
"ACT9_M_162273",-0.52534
"ACT9_M_162277",2.61687
"ACT9_M_162278",0.511293
"ACT9_M_162279",-1.3243
"ACT9_M_162293",-3.65367
"ACT9_M_162294",-3.63637
"ACT9_M_162295",0.864679
"ACT9_M_162296",0.269179
"ACT9_M_162297",-1.93699
"ACT9_M_162298",0.717
"ACT9_M_162299",0.243683
"ACT9_M_162300",0.0179073
"ACT9_M_162301",1.26184
"ACT9_M_162302",5.37027
"ACT9_M_162303",-1.46002
"ACT9_M_162305",-2.23095
"ACT9_M_162306",0.711777
"ACT9_M_162307",-0.991669
"ACT9_M_162308",-1.25326
"ACT9_M_162310",4.16669
"ACT9_M_162311",-2.26675
"ACT9_M_162318",-1.3844
"ACT9_M_162330",-3.03985
"ACT9_M_162332",-1.73304
"ACT9_M_162343",-3.48015
"ACT9_M_162346",-5.84685
"ACT9_M_162363",-1.6947
"ACT9_M_162367",-1.99318
"ACT9_M_162368",-2.4696
"ACT9_M_162369",-0.593706
"ACT9_M_162373",-1.82177
"ACT9_M_162377",0.120454
"ACT9_M_162378",-1.43255
"ACT9_M_162379",-3.10364
"ACT9_M_162380",-2.18242
"ACT9_M_162381",-3.05034
"ACT9_M_162382",4.77022
"ACT9_M_162383",1.61356
"ACT9_M_162384",0.933728
"ACT9_M_162385",2.462
"ACT9_M_162386",1.22667
"ACT9_M_162387",-1.02094
"ACT9_M_162388",-3.01463
"ACT9_M_162390",-3.12397
"ACT9_M_162397",3.60001
"ACT9_M_162415",2.21661
"ACT9_M_162416",0.332932
"ACT9_M_162417",1.40955
"ACT9_M_162418",0.129963
"ACT9_M_162419",-0.0420508
"ACT9_M_162453",-2.09186
"ACT9_M_162454",-3.73261
"ACT9_M_162455",-5.93345
"ACT9_M_162456",0.0903447
"ACT9_M_162457",6.67298
"ACT9_M_162460",3.10825
"ACT9_M_162461",1.66556
"ACT9_M_162462",0.673246
"ACT9_M_162463",0.265547
"ACT9_M_162464",0.93153
"ACT9_M_162476",3.03049
"ACT9_M_162477",6.05336
"ACT9_M_162478",2.45295
"ACT9_M_162479",7.49937
"ACT9_M_162480",3.84649
"ACT9_M_162481",6.7445
"ACT9_M_162482",3.25521
"ACT9_M_162483",5.44936
"ACT9_M_162484",2.38633
"ACT9_M_162485",5.75201
"ACT9_M_162486",2.4903
"ACT9_M_162487",5.36339
"ACT9_M_162488",2.19565
"ACT9_M_162521",-4.46526
"ACT9_M_162522",-4.12828
"ACT9_M_162559",0.00768107
"ACT9_M_162560",0.572104
"ACT9_M_162561",-1.62446
"ACT9_M_162562",-1.25709
"ACT9_M_162563",-2.32736
"ACT9_M_162564",4.63055
"ACT9_M_162565",-2.74094
"ACT9_M_162566",0.178176
"ACT9_M_162567",-4.52125
"ACT9_M_162568",4.77788
"ACT9_M_162569",-0.751903
"ACT9_M_162570",2.06903
"ACT9_M_162571",-0.795088
"ACT9_M_162573",2.13761
"ACT9_M_162574",7.17574
"ACT9_M_162575",4.98963
"ACT9_M_162576",5.05936
"ACT9_M_162577",1.47681
"ACT9_M_162578",-3.95163
"ACT9_M_162579",0.631643
"ACT9_M_162582",1.08759
"ACT9_M_162617",-3.39383
"ACT9_M_162618",-1.54305
"ACT9_M_162619",-2.31192
"ACT9_M_162620",-0.921752
"ACT9_M_162621",-1.10922
"ACT9_M_162622",-0.817324
"ACT9_M_162623",-1.32978
"ACT9_M_162624",0.150995
"ACT9_M_162625",-0.538939
"ACT9_M_162626",-2.64374
"ACT9_M_162627",-3.2841
"ACT9_M_162628",-2.3314
"ACT9_M_162629",-2.95175
"ACT9_M_162630",-1.39421
"ACT9_M_162631",-2.10123
"ACT9_M_162632",-1.34842
"ACT9_M_162633",-2.01223
"ACT9_M_162634",2.13761
"ACT9_M_162635",-1.44705
"ACT9_M_162636",-3.66296
"ACT9_M_162637",-4.99774
"ACT9_M_162638",-2.80104
"ACT9_M_162639",-4.81256
"ACT9_M_162640",-0.270403
"ACT9_M_162641",-1.4263
"ACT9_M_162642",-0.54383
"ACT9_M_162643",-1.70092
"ACT9_M_162644",1.11833
"ACT9_M_162645",1.10648
"ACT9_M_162646",-3.46658
"ACT9_M_162647",-1.86411
"ACT9_M_162648",-1.40843
"ACT9_M_162649",-1.00693
"ACT9_M_162650",-4.29712
"ACT9_M_162651",-2.56657
"ACT9_M_162652",-1.6354
"ACT9_M_162653",-1.5314
"ACT9_M_162654",-1.69639
"ACT9_M_162655",0.630866
"ACT9_M_162656",-0.91614
"ACT9_M_162657",-0.951036
"ACT9_M_162658",1.06759
"ACT9_M_162659",0.0152885
"ACT9_M_162660",1.36194
"ACT9_M_162661",0.247799
"ACT9_M_162662",-1.59655
"ACT9_M_162663",-1.40627
"ACT9_M_162664",-2.92879
"ACT9_M_162665",1.33799
"ACT9_M_162666",-1.64886
"ACT9_M_162667",-3.01959
"ACT9_M_162668",0.358705
"ACT9_M_162669",-3.98212
"ACT9_M_162670",-2.05579
"ACT9_M_162671",0.773032
"ACT9_M_162672",-4.19879
"ACT9_M_162673",-6.5816
"ACT9_M_162674",-7.18485
"ACT9_M_162675",-8.5796
"ACT9_M_162676",-6.66761
"ACT9_M_162677",-3.64063
"ACT9_M_162678",-2.47601
"ACT9_M_162679",-7.49809
"ACT9_M_162680",-5.44435
"ACT9_M_162681",-2.30438
"ACT9_M_162682",-3.00059
"ACT9_M_162683",-3.8663
"ACT9_M_162684",-7.38762
"ACT9_M_162685",-6.87495
"ACT9_M_162686",-2.95508
"ACT9_M_162687",-6.58473
"ACT9_M_162688",-3.45478
"ACT9_M_162689",-7.25705
"ACT9_M_162690",-5.9612
"ACT9_M_162691",-6.18568
"ACT9_M_162692",-8.14927
"ACT9_M_162693",-3.66192
"ACT9_M_162694",-9.91847
"ACT9_M_162695",-3.80851
"ACT9_M_162696",-7.38205
"ACT9_M_162697",-7.4048
"ACT9_M_162698",-7.4048
"ACT9_M_162699",-3.7382
"ACT9_M_162700",-4.01105
"ACT9_M_162701",-7.51858
"ACT9_M_162702",-6.46604
"ACT9_M_162703",-4.19652
"ACT9_M_162704",-5.086
"ACT9_M_162706",5.76061
"ACT9_M_162707",6.0355
"ACT9_M_162708",3.78403
"ACT9_M_162709",3.07563
"ACT9_M_162710",-4.99872
"ACT9_M_162713",0.773032
"ACT9_M_162715",-0.499191
"ACT9_M_162727",-2.1543
"ACT9_M_162734",-2.07538
"ACT9_M_162735",1.70558
"ACT9_M_162736",-2.45201
"ACT9_M_162737",-3.50904
"ACT9_M_162738",1.62691
"ACT9_M_162739",-1.63271
"ACT9_M_162742",-3.44851
"ACT9_M_162757",-2.19464
"ACT9_M_162758",-0.0578146
"ACT9_M_162765",-0.691632
"ACT9_M_162791",0.21482
"ACT9_M_162834",-7.12822
"ACT9_M_162868",5.99558
"ACT9_M_162869",5.78348
"ACT9_M_162870",5.95032
"ACT9_M_162880",1.1589
"ACT9_M_162886",-2.11291
"ACT9_M_162891",1.04602
"ACT9_M_162893",4.07962
"ACT9_M_162894",4.55167
"ACT9_M_162895",3.66164
"ACT9_M_162896",-2.62808
"ACT9_M_162898",-3.64466
"ACT9_M_162899",-1.73213
"ACT9_M_162900",1.1436
"ACT9_M_162901",0.850505
"ACT9_M_162902",-1.2168
"ACT9_M_162903",-1.95788
"ACT9_M_162904",-0.661973
"ACT9_M_162905",-1.18758
"ACT9_M_162906",2.44149
"ACT9_M_162907",-1.31719
"ACT9_M_162908",-3.78941
"ACT9_M_162909",-2.65683
"ACT9_M_162910",0.354086
"ACT9_M_162911",-2.78839
"ACT9_M_162912",-1.30501
"ACT9_M_162913",-1.18511
"ACT9_M_162914",-2.12865
"ACT9_M_162915",-0.216082
"ACT9_M_162916",-3.61617
"ACT9_M_162917",-0.696018
"ACT9_M_162918",0.0840889
"ACT9_M_162919",-2.92289
"ACT9_M_162920",-1.06902
"ACT9_M_162921",0.345068
"ACT9_M_162922",3.92054
"ACT9_M_162923",1.18088
"ACT9_M_162924",0.286788
"ACT9_M_162925",-2.36807
"ACT9_M_162926",-2.10739
"ACT9_M_162927",3.95233
"ACT9_M_162928",-3.57345
"ACT9_M_162929",-1.84094
"ACT9_M_162930",-3.67736
"ACT9_M_162931",-2.25073
"ACT9_M_162932",-1.64902
"ACT9_M_162933",-1.13776
"ACT9_M_162934",1.4044
"ACT9_M_162935",4.18129
"ACT9_M_162936",4.57504
"ACT9_M_162937",2.63782
"ACT9_M_162938",0.516691
"ACT9_M_162939",-2.64523
"ACT9_M_162964",-0.106651
"ACT9_M_162965",-2.88859
"ACT9_M_162966",-1.52668
"ACT9_M_162969",0.478868
"ACT9_M_162970",0.97443
"ACT9_M_162971",-0.333781
"ACT9_M_162972",-1.81603
"ACT9_M_162973",2.95712
"ACT9_M_162987",-1.48299
"ACT9_M_162988",-2.0045
"ACT9_M_162989",-2.13285
"ACT9_M_162996",0.642335
"ACT9_M_162997",0.0254034
"ACT9_M_162998",1.23573
"ACT9_M_162999",-2.49143
"ACT9_M_163000",-2.08888
"ACT9_M_163001",-1.12977
"ACT9_M_163002",-2.99015
"ACT9_M_163003",-2.77488
"ACT9_M_163004",-5.5504
"ACT9_M_163005",-4.93171
"ACT9_M_163006",-2.51268
"ACT9_M_163007",-1.89281
"ACT9_M_163008",-2.09866
"ACT9_M_163009",-6.80589
"ACT9_M_163010",2.04915
"ACT9_M_163011",-1.37569
"ACT9_M_163012",6.58287
"ACT9_M_163013",6.02889
"ACT9_M_163014",2.23742
"ACT9_M_163015",8.81162
"ACT9_M_163016",5.15938
"ACT9_M_163017",6.36636
"ACT9_M_163019",2.69363
"ACT9_M_163021",8.10497
"ACT9_M_163023",4.77276
"ACT9_M_163025",6.39606
"ACT9_M_163027",2.6272
"ACT9_M_163028",5.70133
"ACT9_M_163029",1.96254
"ACT9_M_163030",-2.61044
"ACT9_M_163031",-2.08722
"ACT9_M_163032",0.40368
"ACT9_M_163059",-7.40019
"ACT9_M_163071",-0.569212
"ACT9_M_163072",-1.44192
"ACT9_M_163074",-3.43496
"ACT9_M_163091",-4.10997
"ACT9_M_163092",-6.42956
"ACT9_M_163105",-2.55513
"ACT9_M_163106",0.0905204
"ACT9_M_163109",-4.06854
"ACT9_M_163124",-2.62033
"ACT9_M_163125",0.039864
"ACT9_M_163128",6.20659
"ACT9_M_163129",6.35605
"ACT9_M_163143",-1.69994
"ACT9_M_163144",1.42624
"ACT9_M_163145",3.86458
"ACT9_M_163146",3.80085
"ACT9_M_163147",1.92522
"ACT9_M_163148",2.0449
"ACT9_M_163149",2.11067
"ACT9_M_163150",1.69348
"ACT9_M_163151",1.98938
"ACT9_M_163152",0.270092
"ACT9_M_163158",4.75727
"ACT9_M_163159",4.75727
"ACT9_M_163160",3.49426
"ACT9_M_163161",2.69486
"ACT9_M_163193",-1.41333
"ACT9_M_163194",-1.63724
"ACT9_M_163195",3.54524
"ACT9_M_163196",0.0195051
"ACT9_M_163197",0.876935
"ACT9_M_163198",0.728583
"ACT9_M_163199",0.835004
"ACT9_M_163200",0.486424
"ACT9_M_163201",1.55829
"ACT9_M_163202",-1.44087
"ACT9_M_163203",1.13261
"ACT9_M_163204",0.539069
"ACT9_M_163205",1.1641
"ACT9_M_163206",0.237181
"ACT9_M_163207",-0.333694
"ACT9_M_163208",0.0648136
"ACT9_M_163209",-0.122004
"ACT9_M_163210",4.06445
"ACT9_M_163211",-4.11964
"ACT9_M_163212",-1.46152
"ACT9_M_163213",1.38808
"ACT9_M_163214",4.34241
"ACT9_M_163215",-3.27007
"ACT9_M_163216",-0.131843
"ACT9_M_163217",-1.78798
"ACT9_M_163226",0.37594
"ACT9_M_163227",-2.75246
"ACT9_M_163237",3.09954
"ACT9_M_163240",-2.48899
"ACT9_M_163248",-2.43463
"ACT9_M_163249",-2.91076
"ACT9_M_163250",-4.61157
"ACT9_M_163251",-3.61178
"ACT9_M_163252",-0.207216
"ACT9_M_163253",-1.20663
"ACT9_M_163254",-4.10021
"ACT9_M_163255",-2.35794
"ACT9_M_163256",-2.06038
"ACT9_M_163257",-2.72982
"ACT9_M_163258",-3.71737
"ACT9_M_163275",1.25631
"ACT9_M_163276",-3.1828
"ACT9_M_163289",-0.185567
"ACT9_M_163310",-1.07689
"ACT9_M_163313",-0.285508
"ACT9_M_163316",-4.38169
"ACT9_M_163317",-4.23664
"ACT9_M_163318",1.87272
"ACT9_M_163319",-0.566813
"ACT9_M_163320",9.95855
"ACT9_M_163323",6.71244
"ACT9_M_163325",3.28129
"ACT9_M_163326",0.663159
"ACT9_M_163327",10.4944
"ACT9_M_163328",7.14453
"ACT9_M_163329",11.9526
"ACT9_M_163330",8.74675
"ACT9_M_163331",10.5546
"ACT9_M_163332",7.18845
"ACT9_M_163333",7.64576
"ACT9_M_163334",3.97852
"ACT9_M_163335",7.38964
"ACT9_M_163336",3.97536
"ACT9_M_163337",4.02958
"ACT9_M_163338",0.72899
"ACT9_M_163339",4.6211
"ACT9_M_163340",1.50827
"ACT9_M_163370",-2.12309
"ACT9_M_163371",-1.90259
"ACT9_M_163372",-2.69539
"ACT9_M_163373",-4.97435
"ACT9_M_163374",-1.42901
"ACT9_M_163375",-0.462815
"ACT9_M_163376",-2.18714
"ACT9_M_163377",0.13612
"ACT9_M_163378",-1.56939
"ACT9_M_163379",-2.6048
"ACT9_M_163380",-2.38144
"ACT9_M_163389",-3.44975
"ACT9_M_163422",-2.1954
"ACT9_M_163427",2.24067
"ACT9_M_163428",8.19938
"ACT9_M_163429",6.14807
"ACT9_M_163430",5.863
"ACT9_M_163431",4.37434
"ACT9_M_163432",2.40453
"ACT9_M_163433",1.71854
"ACT9_M_163434",2.35987
"ACT9_M_163435",4.25362
"ACT9_M_163436",2.88711
"ACT9_M_163437",1.60433
"ACT9_M_163438",2.47218
"ACT9_M_163439",2.8392
"ACT9_M_163440",3.03358
"ACT9_M_163441",2.95924
"ACT9_M_163442",4.29175
"ACT9_M_163443",0.799828
"ACT9_M_163444",1.43735
"ACT9_M_163445",2.78044
"ACT9_M_163446",3.09884
"ACT9_M_163447",5.89057
"ACT9_M_163448",6.23388
"ACT9_M_163449",6.41752
"ACT9_M_163450",5.32883
"ACT9_M_163451",5.17363
"ACT9_M_163452",4.24663
"ACT9_M_163453",2.76759
"ACT9_M_163454",4.04241
"ACT9_M_163455",5.09332
"ACT9_M_163456",1.38027
"ACT9_M_163457",5.73091
"ACT9_M_163458",2.60067
"ACT9_M_163459",2.73281
"ACT9_M_163463",-5.91873
"ACT9_M_163464",-2.45729
"ACT9_M_163465",-3.65812
"ACT9_M_163469",-2.60431
"ACT9_M_163470",-3.19419
"ACT9_M_163472",-1.42256
"ACT9_M_163473",-1.94676
"ACT9_M_163492",4.36006
"ACT9_M_163501",-5.2311
"ACT9_M_163502",-8.79256
"ACT9_M_163521",1.01289
"ACT9_M_163522",5.99037
"ACT9_M_163523",3.19043
"ACT9_M_163524",3.04646
"ACT9_M_163525",5.51602
"ACT9_M_163526",2.58117
"ACT9_M_163533",6.13596
"ACT9_M_163534",-2.04871
"ACT9_M_163537",-6.12807
"ACT9_M_163538",-1.92226
"ACT9_M_163539",-1.27677
"ACT9_M_163540",-1.55535
"ACT9_M_163541",0.199182
"ACT9_M_163542",-3.17559
"ACT9_M_163543",-2.5881
"ACT9_M_163544",-0.307282
"ACT9_M_163545",-4.42556
"ACT9_M_163546",-0.420564
"ACT9_M_163547",-4.73648
"ACT9_M_163548",-4.57595
"ACT9_M_163563",0.0997308
"ACT9_M_163564",0.70576
"ACT9_M_163565",2.73276
"ACT9_M_163566",-0.976122
"ACT9_M_163567",-0.63733
"ACT9_M_163568",0.233406
"ACT9_M_163569",-0.149045
"ACT9_M_163570",0.0310834
"ACT9_M_163571",0.147792
"ACT9_M_163572",-0.248979
"ACT9_M_163573",0.778279
"ACT9_M_163574",-4.01422
"ACT9_M_163575",-2.19014
"ACT9_M_163576",-3.56817
"ACT9_M_163577",0.405127
"ACT9_M_163578",-0.223953
"ACT9_M_163579",0.4344
"ACT9_M_163580",-0.498007
"ACT9_M_163581",-0.644238
"ACT9_M_163582",-0.825241
"ACT9_M_163583",3.35795
"ACT9_M_163584",-4.81304
"ACT9_M_163585",-2.14965
"ACT9_M_163586",4.32844
"ACT9_M_163587",0.108702
"ACT9_M_163588",-2.46768
"ACT9_M_163589",5.47779
"ACT9_M_163594",5.48455
"ACT9_M_163595",3.33021
"ACT9_M_163596",8.15903
"ACT9_M_163597",5.97747
"ACT9_M_163600",-0.505753
"ACT9_M_163619",4.58655
"ACT9_M_163623",1.84166
"ACT9_M_163624",2.6154
"ACT9_M_163625",0.345714
"ACT9_M_163626",7.6337
"ACT9_M_163627",4.05798
"ACT9_M_163628",2.18625
"ACT9_M_163629",-0.50677
"ACT9_M_163631",5.8781
"ACT9_M_163632",3.13918
"ACT9_M_163633",5.22186
"ACT9_M_163634",2.04676
"ACT9_M_163635",3.88714
"ACT9_M_163636",1.39894
"ACT9_M_163637",4.9652
"ACT9_M_163638",1.62265
"ACT9_M_163639",6.95701
"ACT9_M_163640",3.1486
"ACT9_M_163641",8.90551
"ACT9_M_163642",5.70049
"ACT9_M_163643",-2.85328
"ACT9_M_163644",-2.5032
"ACT9_M_163645",-2.13934
"ACT9_M_163646",-2.6985
"ACT9_M_163647",-4.88571
"ACT9_M_163648",-2.91161
"ACT9_M_163649",-4.42532
"ACT9_M_163653",-2.37705
"ACT9_M_163655",1.7423
"ACT9_M_163656",0.680607
"ACT9_M_163657",2.16304
"ACT9_M_163658",0.432896
"ACT9_M_163659",-2.7886
"ACT9_M_163661",3.28991
"ACT9_M_163668",-5.13162
"ACT9_M_163669",-3.451
"ACT9_M_163670",-2.401
"ACT9_M_163671",2.15062
"ACT9_M_163672",-0.844811
"ACT9_M_163673",-1.51455
"ACT9_M_163674",1.50129
"ACT9_M_163678",-6.49982
"ACT9_M_163679",-4.89251
"ACT9_M_163680",-7.16617
"ACT9_M_163681",-6.3541
"ACT9_M_163682",-7.6767
"ACT9_M_163683",-8.032
"ACT9_M_163723",-0.394162
"ACT9_M_163734",-1.24613
"ACT9_M_163735",-2.16996
"ACT9_M_163736",-2.48782
"ACT9_M_163737",-0.910297
"ACT9_M_163738",-2.97853
"ACT9_M_163739",-1.75632
"ACT9_M_163740",-2.32128
"ACT9_M_163741",-1.59734
"ACT9_M_163742",-1.5831
"ACT9_M_163743",-1.95251
"ACT9_M_163744",-0.787799
"ACT9_M_163745",-4.40188
"ACT9_M_163749",2.42545
"ACT9_M_163750",5.25623
"ACT9_M_163764",2.55099
"ACT9_M_163765",0.77618
"ACT9_M_163767",-4.77248
"ACT9_M_163769",-1.07599
"ACT9_M_163779",-1.30173
"ACT9_M_163780",-8.43503
"ACT9_M_163781",-1.34951
"ACT9_M_163782",3.48709
"ACT9_M_163808",-1.76369
"ACT9_M_163809",2.45535
"ACT9_M_163810",2.48698
"ACT9_M_163811",2.53591
"ACT9_M_163812",2.8524
"ACT9_M_163813",2.38893
"ACT9_M_163814",2.05131
"ACT9_M_163815",4.17053
"ACT9_M_163816",0.29785
"ACT9_M_163817",1.57689
"ACT9_M_163818",4.39016
"ACT9_M_163819",-0.717493
"ACT9_M_163820",3.98923
"ACT9_M_163821",-0.669624
"ACT9_M_163838",3.99517
"ACT9_M_163839",5.17972
"ACT9_M_163840",3.29043
"ACT9_M_163841",5.83464
"ACT9_M_163842",0.664855
"ACT9_M_163850",-5.36149
"ACT9_M_163851",-1.21967
"ACT9_M_163852",1.08632
"ACT9_M_163853",0.235279
"ACT9_M_163854",0.996576
"ACT9_M_163855",0.940637
"ACT9_M_163856",-1.22221
"ACT9_M_163857",-0.482345
"ACT9_M_163858",1.91521
"ACT9_M_163859",-3.2987
"ACT9_M_163866",0.486877
"ACT9_M_163867",2.24291
"ACT9_M_163868",-0.317401
"ACT9_M_163869",1.9471
"ACT9_M_163870",1.00772
"ACT9_M_163871",2.3015
"ACT9_M_163872",-0.340747
"ACT9_M_163873",-1.48656
"ACT9_M_163874",0.258502
"ACT9_M_163875",-0.296934
"ACT9_M_163876",-0.296934
"ACT9_M_163877",-0.0100921
"ACT9_M_163881",4.89837
"ACT9_M_163882",2.52646
"ACT9_M_163883",3.56522
"ACT9_M_163884",4.47981
"ACT9_M_163885",-5.42389
"ACT9_M_163886",0.516403
"ACT9_M_163887",2.8597
"ACT9_M_163891",1.0418
"ACT9_M_163892",-1.33755
"ACT9_M_163893",4.18379
"ACT9_M_163894",0.868894
"ACT9_M_163895",2.50119
"ACT9_M_163896",-0.572868
"ACT9_M_163897",-0.572868
"ACT9_M_163898",4.92265
"ACT9_M_163899",2.88903
"ACT9_M_163900",6.03915
"ACT9_M_163901",3.09617
"ACT9_M_163902",6.01061
"ACT9_M_163903",2.83124
"ACT9_M_163908",3.66164
"ACT9_M_163909",3.62436
"ACT9_M_163910",4.15626
"ACT9_M_163911",4.7898
"ACT9_M_163912",1.04602
"ACT9_M_163913",2.30278
"ACT9_M_163914",6.85398
"ACT9_M_163915",4.34732
"ACT9_M_163916",5.76061
"ACT9_M_163917",1.88064
"ACT9_M_163918",8.9115
"ACT9_M_163919",7.12535
"ACT9_M_163920",4.68269
"ACT9_M_163921",3.11003
"ACT9_M_163922",5.66729
"ACT9_M_163923",3.8444
"ACT9_M_163924",9.37246
"ACT9_M_163925",1.47681
"ACT9_M_163926",4.61661
"ACT9_M_163927",8.4924
"ACT9_M_163928",6.20453
"ACT9_M_163929",2.48032
"ACT9_M_163930",-2.8152
"ACT9_M_163931",5.45749
"ACT9_M_163932",3.52938
"ACT9_M_163933",-0.0923343
"ACT9_M_163934",1.92927
"ACT9_M_163935",2.96708
"ACT9_M_163936",-2.25073
"ACT9_M_163942",-4.1629
"ACT9_M_163943",-4.51983
"ACT9_M_163944",-2.13896
"ACT9_M_163946",0.139201
"ACT9_M_163947",-1.92572
"ACT9_M_163948",-0.360542
"ACT9_M_163949",-2.46333
"ACT9_M_163950",-4.65275
"ACT9_M_163951",-1.4388
"ACT9_M_163952",-3.84075
"ACT9_M_163953",-4.32959
"ACT9_M_163954",-3.0634
"ACT9_M_163955",-0.243286
"ACT9_M_163956",-3.96075
"ACT9_M_163957",0.0804429
"ACT9_M_163958",-0.710092
"ACT9_M_163959",-0.378365
"ACT9_M_163960",-0.870154
"ACT9_M_163961",-6.70317
"ACT9_M_163962",-0.844088
"ACT9_M_163963",-0.836044
"ACT9_M_163964",-1.6804
"ACT9_M_163965",-0.296277
"ACT9_M_163970",-1.20318
"ACT9_M_163971",-1.52045
"ACT9_M_163972",-1.72839
"ACT9_M_163973",-1.87214
"ACT9_M_163974",-1.61745
"ACT9_M_163975",-1.00788
"ACT9_M_163976",0.287445
"ACT9_M_163977",-3.54602
"ACT9_M_163978",-3.70698
"ACT9_M_163980",-1.66461
"ACT9_M_163981",-2.251
"ACT9_M_163982",-1.07588
"ACT9_M_163983",-2.06957
"ACT9_M_163984",-2.29281
"ACT9_M_163985",-1.46142
"ACT9_M_163986",1.63631
"ACT9_M_163987",1.96322
"ACT9_M_163988",1.63631
"ACT9_M_163989",1.96322
"ACT9_M_163991",0.272449
"ACT9_M_163992",-4.21577
"ACT9_M_163993",-3.24185
"ACT9_M_163996",2.37913
"ACT9_M_163997",2.15886
"ACT9_M_163998",2.69988
"ACT9_M_163999",2.61964
"ACT9_M_164000",4.46031
"ACT9_M_164001",1.22788
"ACT9_M_164002",3.8274
"ACT9_M_164003",8.6139
"ACT9_M_164004",1.61499
"ACT9_M_164005",-1.4327
"ACT9_M_164006",0.481235
"ACT9_M_164007",-1.31291
"ACT9_M_164008",-2.19272
"ACT9_M_164009",-1.2006
"ACT9_M_164010",-1.4116
"ACT9_M_164011",2.1768
"ACT9_M_164012",-1.31365
"ACT9_M_164013",-0.252616
"ACT9_M_164014",5.41698
"ACT9_M_164015",3.19792
"ACT9_M_164016",-5.03989
"ACT9_M_164017",-3.89782
"ACT9_M_164018",0.638168
"ACT9_M_164019",-3.37601
"ACT9_M_164020",-3.34319
"ACT9_M_164021",-2.19966
"ACT9_M_164022",0.0950121
"ACT9_M_164023",-2.25434
